RiceYear,Season,Field,ID,Latitude,Longitude,pH,Corg,SoilP,SoilK,Sand,Silt,Clay,DPL,Emer,Weeds,Cont,Irrig,D50,Yield,Fert,N,P,K,Var,Northing,Easting,Farmer
1,1,6,1,-33.214566,-53.914506,6,1.07,3.4,0.18,21,58,21,3,4,3,4,3,46,6427,114,58.4,55.2,0,2,6321139.25,228352.7,K
1,1,6,2,-33.216312,-53.912875,6,1.19,4.3,0.15,21,60,19,3,4,2,4,3,46,6267,114,58.4,55.2,0,2,6320949.83,228510.17,K
1,1,6,3,-33.219017,-53.913342,5.8,0.72,11,0.31,30,50,20,3,3,4,4,4,46,5147,114,58.4,55.2,0,2,6320648.57,228474.99,K
1,1,6,4,-33.217553,-53.913496,8,1.17,4.4,0.12,29,53,18,3,3,4,3,4,46,4853,114,58.4,55.2,0,2,6320810.56,228456.11,K
1,1,6,5,-33.218406,-53.915433,5.8,1,1.8,0.14,33,48,19,3,4,3,4,4,46,6267,114,58.4,55.2,0,2,6320710.9,228278.15,K
1,1,6,6,-33.21831,-53.911362,5.8,0.96,4.7,0.33,18,58,24,3,4,3,4,3,46,5733,114,58.4,55.2,0,2,6320732.13,228657.41,K
1,1,6,7,-33.218969,-53.909191,7,1.1,6.9,0.21,16,60,24,3,3,3,4,3,46,5200,114,58.4,55.2,0,2,6320664.67,228861.85,K
1,1,6,8,-33.222064,-53.913843,7.1,1.4,3.6,0.17,22,57,21,3,4,2,4,4,46,5680,114,58.4,55.2,0,2,6320309.29,228437.71,K
1,1,6,9,-33.224082,-53.914245,5.7,1.07,4.5,0.23,12,62,25,3,4,2,4,4,46,6240,114,58.4,55.2,0,2,6320084.4,228406.47,K
1,1,6,10,-33.222904,-53.916205,5.7,1.14,5.3,0.21,12,65,23,3,4,3,4,4,46,5947,114,58.4,55.2,0,2,6320209.97,228220.1,K
1,1,6,11,-33.221092,-53.914857,5.7,1.35,3.7,0.29,24,49,27,3,4,3,4,4,46,5973,114,58.4,55.2,0,2,6320414.47,228340.17,K
1,1,6,12,-33.224511,-53.912724,5.6,1,6,0.25,16,59,25,3,4,2,4,4,46,6187,114,58.4,55.2,0,2,6320040.77,228549.6,K
1,1,6,13,-33.22429,-53.910137,6,1.26,2.4,0.14,21,56,23,3,4,2,4,4,46,6507,114,58.4,55.2,0,2,6320072,228790.09,K
1,1,6,14,-33.225492,-53.9078,5.6,1.86,5,0.28,9,60,31,3,3,4,3,4,46,5360,114,58.4,55.2,0,2,6319944.74,229011.68,K
1,1,6,15,-33.223422,-53.906882,5.6,1.7,1.9,0.27,11,57,31,3,3,4,2,4,46,5493,114,58.4,55.2,0,2,6320176.73,229090.87,K
1,1,6,16,-33.220227,-53.907097,5.3,1.33,5.5,0.17,25,59,16,3,3,4,2,4,46,5173,114,58.4,55.2,0,2,6320530.57,229060.97,K
1,1,6,17,-33.220231,-53.909038,5.4,2.24,2.2,0.38,8,59,33,3,3,4,3,4,46,6027,114,58.4,55.2,0,2,6320525.09,228880.02,K
1,1,6,18,-33.220518,-53.911716,5.7,1.37,3.3,0.26,17,56,27,3,4,4,4,4,46,6267,114,58.4,55.2,0,2,6320486.3,228631.23,K
1,1,6,19,-33.221862,-53.911627,5.4,0.96,3.1,0.3,15,63,22,3,4,2,4,4,46,6427,114,58.4,55.2,0,2,6320337.45,228643.68,K
1,1,6,20,-33.222556,-53.909128,5.6,1.35,6.2,0.21,19,59,22,3,4,2,4,4,46,6453,114,58.4,55.2,0,2,6320266.96,228878.81,K
1,1,6,21,-33.223449,-53.912007,6.4,1.4,4.1,0.21,19,60,21,3,4,2,4,4,46,6347,114,58.4,55.2,0,2,6320160.43,228613.16,K
1,1,7,22,-33.200307,-53.99271,5.9,1.23,3.2,0.25,21,59,20,4,4,4,4,4,59,6880,114,58.4,55.2,0,2,6322514.84,221015.75,F
1,1,7,23,-33.202112,-53.989226,5.7,1.14,1.8,0.2,24,56,20,4,4,4,4,4,59,6773,114,58.4,55.2,0,2,6322323.92,221346.38,F
1,1,7,24,-33.20432,-53.987631,5.2,1.35,2.1,0.18,22,58,21,4,4,4,4,4,59,6453,114,58.4,55.2,0,2,6322083.25,221502.12,F
1,1,7,25,-33.200649,-53.986234,5.7,1.03,1.5,0.13,26,57,17,4,4,3,3,3,59,6293,114,58.4,55.2,0,2,6322494.18,221620.76,F
1,1,7,26,-33.196542,-53.985733,7.6,1.21,6.9,0.31,14,61,25,4,3,3,3,3,59,5867,114,58.4,55.2,0,2,6322951.08,221654.47,F
1,1,7,27,-33.195232,-53.988685,5.8,1.1,3.6,0.14,16,66,18,4,3,3,3,3,59,6027,114,58.4,55.2,0,2,6323088.52,221375.01,F
1,1,7,28,-33.196876,-53.992155,5.5,1.37,3.2,0.18,20,60,21,4,3,4,4,4,59,6320,114,58.4,55.2,0,2,6322896.91,221056.62,F
1,1,7,29,-33.197728,-53.993114,5.4,1.28,4.5,0.17,18,61,21,4,4,4,4,4,59,6507,114,58.4,55.2,0,2,6322799.84,220969.89,F
1,1,7,30,-33.19917,-53.992769,5.7,1.05,1.6,0.13,26,57,17,4,4,5,4,4,59,6720,114,58.4,55.2,0,2,6322640.81,221006.64,F
1,1,7,31,-33.197883,-53.999221,5.4,1.25,4.5,0.17,17,62,21,4,3,5,3,2,59,5467,114,58.4,55.2,0,2,6322766.33,220400.85,F
1,1,14,32,-33.208283,-53.9606567,6.3,1.56,12.7,0.27,11,68,21,3,3,3,4,4,46,6800,114,58.4,55.2,0,2,6321715.23,224029.94,J
1,1,14,33,-33.2060339,-53.9634109,5.9,1.96,9.3,0.29,10,57,33,3,3,3,4,4,46,7067,114,58.4,55.2,0,2,6321957.43,223766.05,J
1,1,14,34,-33.2068798,-53.9648376,6,1.65,5.2,0.26,11,63,26,3,4,4,4,4,46,7413,114,58.4,55.2,0,2,6321859.83,223635.67,J
1,1,14,35,-33.2050368,-53.9686085,6.4,1.14,13.8,0.27,16,71,13,3,4,4,3,3,46,6453,114,58.4,55.2,0,2,6322054.28,223278.24,J
1,1,14,36,-33.2019107,-53.9545712,7.7,1.35,17.9,0.29,16,65,19,3,3,3,3,4,46,6400,114,58.4,55.2,0,2,6322438.12,224577.41,J
1,1,14,37,-33.2039224,-53.9547732,6,1.28,10.7,0.22,12,69,19,3,3,3,4,4,46,7067,114,58.4,55.2,0,2,6322214.45,224564.88,J
1,1,14,38,-33.2060215,-53.9582514,6,1.35,6.2,0.25,15,70,15,3,3,3,4,4,46,6827,114,58.4,55.2,0,2,6321972.43,224247.12,J
1,1,5,39,-33.203639,-53.9531763,5.9,1.14,11.2,0.22,14,65,21,3,4,4,3,4,46,6693,114,58.4,55.2,0,2,6322250.09,224712.9,J
1,1,5,40,-33.202932,-53.9473633,5.9,1.6,6.5,0.23,14,68,18,3,4,4,2,3,46,6533,114,58.4,55.2,0,2,6322343.81,225252.75,J
1,1,5,41,-33.2000156,-53.9462776,5.6,1.27,5.5,0.19,14,66,20,3,4,4,4,3,46,6880,114,58.4,55.2,0,2,6322670.16,225344.88,J
1,1,5,42,-33.2001894,-53.9532221,5.9,3.74,10.4,0.47,8,58,34,3,4,3,4,4,46,7813,114,58.4,55.2,0,2,6322632.61,224697.82,J
1,1,5,43,-33.2052363,-53.9530317,6.3,1.11,3.3,0.2,17,66,17,3,3,4,4,4,46,7787,114,58.4,55.2,0,2,6322073.29,224731.39,J
1,1,5,44,-33.2065177,-53.949039,6,2.14,6.3,0.32,15,61,25,3,3,4,3,3,46,7333,114,58.4,55.2,0,2,6321941.67,225107.71,J
1,1,5,45,-33.2083254,-53.9515904,6.1,1.2,4,0.17,14,64,22,3,3,3,4,4,46,7867,114,58.4,55.2,0,2,6321734.44,224875.47,J
1,1,5,46,-33.2110692,-53.9527372,6.6,1.48,7,0.22,14,64,22,3,3,3,4,3,46,7707,114,58.4,55.2,0,2,6321427.07,224777.13,J
1,1,5,47,-33.2129895,-53.9512309,6.5,1.53,8.4,0.24,14,59,26,3,3,4,3,3,46,7013,114,58.4,55.2,0,2,6321218.03,224923.6,J
1,1,14,48,-33.2104744,-53.9605195,7,1.53,7.8,0.28,13,69,19,3,4,3,4,4,46,6960,114,58.4,55.2,0,2,6321472.52,224049.62,J
1,1,14,49,-33.20914,-53.9577715,6.8,1.53,3.7,0.24,9,64,27,3,3,3,4,4,46,7973,114,58.4,55.2,0,2,6321627.79,224301.66,J
1,1,14,50,-33.2064194,-53.9550064,6.1,1.34,3.5,0.18,10,68,22,3,3,3,4,4,46,7947,114,58.4,55.2,0,2,6321936.86,224550.96,J
1,1,14,51,-33.2110439,-53.9551395,6.6,2.4,8.9,0.35,9,62,30,3,4,3,4,3,46,7867,114,58.4,55.2,0,2,6321423.54,224553.05,J
1,1,14,52,-33.2042038,-53.957154,6,1.35,6.2,0.25,15,70,15,3,3,3,4,4,46,7067,114,58.4,55.2,0,2,6322176.96,224343.75,J
1,1,5,53,-33.2016526,-53.9505721,5.9,1.6,6.5,0.23,14,68,18,3,4,3,4,4,46,7947,114,58.4,55.2,0,2,6322477.29,224949.52,J
1,1,5,54,-33.1975479,-53.9445399,5.6,1.27,5.5,0.19,14,66,20,3,4,4,3,3,46,7867,114,58.4,55.2,0,2,6322948.45,225499.22,J
1,1,8,55,-33.2168027,-53.9779859,5.7,1.51,4.4,0.25,9,63,28,3,3,4,3,2,75,4533,114,58.4,55.2,0,2,6320724.28,222440.99,G
1,1,8,56,-33.2137287,-53.9777409,6.5,1.34,5,0.19,16,63,22,3,4,4,4,3,59,5680,114,58.4,55.2,0,2,6321065.92,222454.11,G
1,1,8,57,-33.2160297,-53.97533,5.7,1.34,5.1,0.22,11,61,28,3,3,4,4,2,75,4747,114,58.4,55.2,0,2,6320817.08,222686.17,G
1,1,8,58,-33.2177377,-53.9724941,5.8,1.22,6.3,0.22,9,64,27,3,3,4,4,3,75,4987,114,58.4,55.2,0,2,6320635.15,222955.98,G
1,1,8,59,-33.2134167,-53.972707,6.6,1.58,13.1,0.26,9,66,25,3,4,4,3,3,75,4773,114,58.4,55.2,0,2,6321113.89,222922.49,G
1,1,8,60,-33.2253157,-53.9715072,5.8,1.01,6.6,0.17,20,58,22,3,4,3,3,2,59,4827,114,58.4,55.2,0,2,6319797.18,223071.9,G
1,1,8,61,-33.2221227,-53.9728181,5.5,1.08,2.9,0.25,14,65,21,3,4,3,3,2,59,4720,114,58.4,55.2,0,2,6320147.89,222939.61,G
1,1,8,62,-33.2221227,-53.975178,5.6,0.92,3.9,0.19,13,63,24,3,4,3,4,2,59,4880,114,58.4,55.2,0,2,6320141.62,222719.59,G
1,1,8,63,-33.2212867,-53.977598,5.7,1.39,3.4,0.22,18,56,26,3,4,3,4,3,75,6213,114,58.4,55.2,0,2,6320227.93,222491.33,G
1,1,8,64,-33.2198376,-53.9794749,5.7,1.41,3.3,0.18,39,40,21,3,4,3,4,3,75,6933,114,58.4,55.2,0,2,6320383.68,222311.76,G
1,1,8,65,-33.2178727,-53.9788799,5.7,1.27,6.1,0.2,15,62,23,3,4,3,4,3,75,7040,114,58.4,55.2,0,2,6320603.22,222361.02,G
1,1,8,66,-33.2191327,-53.976986,5.8,1.22,3.8,0.23,28,46,26,3,4,3,4,3,75,7067,114,58.4,55.2,0,2,6320468.49,222541.58,G
1,1,8,67,-33.2184837,-53.975399,5.6,1.29,3.3,0.19,21,56,23,3,4,3,3,3,59,6373,114,58.4,55.2,0,2,6320544.69,222687.49,G
1,1,8,68,-33.2195347,-53.973889,5.6,1.13,2.6,0.18,14,64,22,3,4,3,3,2,59,5573,114,58.4,55.2,0,2,6320432.12,222831.6,G
1,1,8,69,-33.2212797,-53.9720961,5.4,1.2,6.2,0.2,13,66,21,3,4,3,3,2,59,5147,114,58.4,55.2,0,2,6320243.31,223004.26,G
1,1,8,70,-33.2155198,-53.9774001,5.7,1.51,4.4,0.25,9,63,28,3,4,4,4,2,59,5227,114,58.4,55.2,0,2,6320868.14,222491.55,G
1,1,8,71,-33.2141142,-53.9753035,5.7,1.34,5.1,0.22,11,61,28,3,4,4,4,3,59,5787,114,58.4,55.2,0,2,6321029.63,222682.6,G
2,1,13,72,-33.227902,-53.9537104,5.3,1.22,6.3,0.18,18,62,20,4,4,2,4,4,59,6960,114,58.4,55.2,0,2,6319557.35,224739.17,J
2,1,13,73,-33.2292943,-53.9541993,5.6,1.44,3.9,0.18,16,58,25,4,4,3,4,4,59,6907,114,58.4,55.2,0,2,6319401.62,224697.96,J
2,1,13,74,-33.230814,-53.9548612,5.7,1.08,2.2,0.16,20,57,23,4,4,3,4,4,59,6960,114,58.4,55.2,0,2,6319231.31,224641.02,J
2,1,13,75,-33.2300615,-53.956871,5.4,2.02,6.1,0.25,16,60,24,4,3,4,3,4,59,6587,114,58.4,55.2,0,2,6319309.48,224451.3,J
2,1,13,76,-33.2286997,-53.9600979,5.8,1.01,2.9,0.22,15,58,26,4,3,4,2,4,59,5840,114,58.4,55.2,0,2,6319452.01,224146.2,J
2,1,13,77,-33.2274858,-53.9626219,5.6,1.2,3,0.2,15,58,27,4,3,4,2,4,59,5627,114,58.4,55.2,0,2,6319579.99,223907.08,J
2,1,13,78,-33.2248561,-53.9635907,5.5,1.36,4.5,0.21,11,64,26,4,3,4,3,4,59,5973,114,58.4,55.2,0,2,6319869.13,223808.49,J
2,1,12,79,-33.2226152,-53.963316,5.8,1.22,4.5,0.17,13,66,21,4,4,4,3,4,59,6533,114,58.4,55.2,0,2,6320118.42,223827.05,J
2,1,12,80,-33.2231027,-53.9613962,5.7,1.15,7.8,0.29,16,63,21,4,4,4,4,4,59,6773,114,58.4,55.2,0,2,6320069.42,224007.57,J
2,1,12,81,-33.2241784,-53.9597564,5.5,1.04,6.1,0.25,18,59,23,4,3,4,4,4,59,6640,114,58.4,55.2,0,2,6319954.43,224163.83,J
2,1,12,82,-33.2259742,-53.9589624,5.8,1.2,3.1,0.27,17,59,24,4,3,3,4,4,59,6587,114,58.4,55.2,0,2,6319757.33,224243.49,J
2,1,12,83,-33.2261977,-53.9562102,5.7,1.08,3.4,0.24,15,60,25,4,3,4,4,4,59,6827,114,58.4,55.2,0,2,6319739.81,224500.77,J
2,1,12,84,-33.2248366,-53.9682612,6.4,1.18,4.4,0.28,16,61,23,4,4,4,3,4,59,6693,114,58.4,55.2,0,2,6319858.93,223373.01,J
2,1,12,85,-33.2232028,-53.9689305,5.6,1.74,8.7,0.28,8,62,30,4,4,3,4,3,59,6907,114,58.4,55.2,0,2,6320038.38,223305.46,J
2,1,12,86,-33.2224757,-53.9701541,5.7,1.13,3.4,0.23,13,67,20,4,4,4,3,3,59,6640,114,58.4,55.2,0,2,6320115.79,223189.09,J
2,1,12,87,-33.2204169,-53.9691876,5.8,1.06,3.8,0.21,13,65,22,4,4,3,4,4,59,7387,114,58.4,55.2,0,2,6320346.73,223272.71,J
2,1,12,88,-33.2213707,-53.9668451,5.7,0.94,3.9,0.19,14,63,23,4,4,3,4,4,59,6907,114,58.4,55.2,0,2,6320247.13,223494.11,J
2,1,12,89,-33.2237345,-53.9668944,5.7,1.25,2.9,0.2,9,65,26,4,4,3,4,4,59,6933,114,58.4,55.2,0,2,6319984.8,223496.96,J
2,1,12,90,-33.226844,-53.9666965,5.5,1.2,2.5,0.19,14,62,24,4,3,4,4,3,59,7360,114,58.4,55.2,0,2,6319640.4,223525.21,J
2,1,12,91,-33.2267683,-53.968746,5.4,1.34,7.7,0.16,16,61,23,4,4,4,3,3,59,7493,114,58.4,55.2,0,2,6319643.37,223333.9,J
1,1,9,92,-33.208281,-53.911338,5.6,1.51,3.7,0.23,8,67,25,4,3,3,3,4,59,4933,100,39.2,72,0,1,6321844.63,228628.66,K
1,1,9,93,-33.208263,-53.913381,6.9,1.62,7,0.36,13,67,20,4,3,3,3,3,59,4640,100,39.2,72,0,1,6321841.32,228438.1,K
1,1,9,94,-33.210344,-53.912804,5.5,1.48,4,0.22,10,64,25,4,3,3,3,3,59,4720,100,39.2,72,0,1,6321611.99,228498.34,K
1,1,9,95,-33.211944,-53.911216,5.4,1.84,2.9,0.22,10,65,25,4,3,3,3,3,59,4987,100,39.2,72,0,1,6321438.64,228651.35,K
1,1,9,96,-33.214326,-53.910876,5.7,1.2,1.7,0.22,12,63,25,4,3,3,3,3,59,4640,100,39.2,72,0,1,6321175.31,228690.41,K
1,1,9,97,-33.208879,-53.908328,6.3,1.27,8.2,0.26,13,60,27,4,2,3,3,3,59,4240,100,39.2,72,0,1,6321786.11,228911.17,K
1,1,9,98,-33.210944,-53.909321,5.7,1.39,4.1,0.29,9,59,32,4,2,3,3,3,59,4187,100,39.2,72,0,1,6321554.48,228824.95,K
1,1,9,99,-33.214954,-53.908958,5.5,1.48,3.1,0.2,11,68,22,4,2,3,3,2,75,3387,100,39.2,72,0,1,6321110.63,228871.18,K
1,1,9,100,-33.216541,-53.907794,5.4,1.86,4.9,0.27,9,65,26,4,2,3,3,2,75,3227,100,39.2,72,0,1,6320937.62,228984.61,K
1,1,9,101,-33.214929,-53.907791,5.7,1.55,3.9,0.24,8,66,25,4,2,3,3,2,75,3200,100,39.2,72,0,1,6321116.43,228979.91,K
1,1,9,102,-33.212568,-53.907356,5.6,1.58,4.5,0.23,10,68,22,4,2,3,3,2,75,3280,100,39.2,72,0,1,6321379.44,229013.18,K
1,1,9,103,-33.210457,-53.906841,5.8,1.41,4,0.26,15,60,25,4,2,3,3,2,75,3653,100,39.2,72,0,1,6321614.94,229054.69,K
1,1,10,104,-33.2089219,-53.9439527,6.7,0.85,5.8,0.16,14,65,21,4,4,4,3,4,59,5813,114,58.4,55.2,0,2,6321688.36,225589.51,H
1,1,10,105,-33.2068949,-53.9448676,5.8,1.13,4.2,0.17,15,64,21,3,4,3,5,3,46,6240,114,58.4,55.2,0,2,6321910.79,225497.87,H
1,1,10,106,-33.205254,-53.9438706,5.9,1.04,2.9,0.23,13,59,28,3,3,3,5,3,46,6347,114,58.4,55.2,0,2,6322095.43,225585.71,H
1,1,10,107,-33.205438,-53.9421147,5.8,1.27,4.3,0.19,11,66,22,3,4,3,5,4,46,6613,114,58.4,55.2,0,2,6322079.63,225750.02,H
1,1,10,108,-33.205448,-53.9400927,5.5,1.27,2,0.18,12,67,21,3,4,3,5,4,46,6720,114,58.4,55.2,0,2,6322083.82,225938.6,H
1,1,10,109,-33.207039,-53.9415067,5.8,1.27,3.7,0.19,12,66,21,3,3,2,5,4,46,6880,114,58.4,55.2,0,2,6321903.64,225811.71,H
1,1,10,110,-33.208696,-53.9412937,6.1,1.01,2.6,0.22,14,63,23,4,3,4,3,4,59,5440,114,58.4,55.2,0,2,6321720.4,225836.74,H
1,1,10,111,-33.2113869,-53.9421408,7.7,0.96,6,0.35,31,48,21,4,3,2,2,4,59,4853,114,58.4,55.2,0,2,6321419.69,225766.16,H
1,1,10,112,-33.2134859,-53.9438397,5.9,1.44,4.7,0.2,20,58,22,4,3,4,3,4,59,5653,114,58.4,55.2,0,2,6321182.4,225614.31,H
1,1,10,113,-33.2122309,-53.9443617,5.8,1.48,5.9,0.21,14,63,24,4,3,4,2,4,59,5387,114,58.4,55.2,0,2,6321320.24,225561.71,H
1,1,11,114,-33.2326631,-53.9501708,5.8,1.2,6.2,0.22,14,66,20,3,4,3,4,4,59,6133,114,58.4,55.2,0,2,6319038.56,225084.06,E
1,1,11,115,-33.230958,-53.9528003,5.7,1.39,4.1,0.21,18,61,21,3,4,3,4,4,59,6107,114,58.4,55.2,0,2,6319220.77,224833.59,E
1,1,11,116,-33.2295267,-53.9504638,6,1.08,2.2,0.21,14,60,25,3,2,3,3,4,59,5627,114,58.4,55.2,0,2,6319385.69,225046.92,E
1,1,11,117,-33.2275846,-53.9513644,5.6,1.51,2.4,0.26,15,63,22,3,4,3,4,4,59,5680,114,58.4,55.2,0,2,6319598.74,224956.88,E
1,1,11,118,-33.2272564,-53.9494058,5.5,1.25,2.4,0.18,16,62,21,3,3,4,3,3,59,5573,114,58.4,55.2,0,2,6319640.3,225138.44,E
1,1,11,119,-33.2295586,-53.9487768,5.7,0.94,3.4,0.13,15,65,20,3,4,4,3,3,59,5520,114,58.4,55.2,0,2,6319386.59,225204.29,E
1,1,11,120,-33.2330278,-53.9485453,6.3,1.13,2.2,0.22,19,57,24,4,4,3,4,4,75,4293,100,39.2,72,0,2,6319002.38,225236.73,E
1,1,11,121,-33.2334108,-53.946683,6,1.27,1.9,0.23,24,51,26,4,3,3,4,4,75,4080,100,39.2,72,0,2,6318964.8,225411.53,E
1,1,11,122,-33.233388,-53.9442925,6.5,1.08,2,0.22,26,49,26,4,3,4,2,3,75,3973,100,39.2,72,0,2,6318973.61,225634.3,E
1,1,11,123,-33.2345323,-53.9420167,5.7,1.13,2.1,0.15,35,44,21,4,3,4,3,2,75,3440,100,39.2,72,0,2,6318852.66,225850.02,E
1,1,11,124,-33.2350019,-53.9397365,5.7,1.13,2.7,0.2,18,59,24,4,2,4,2,2,75,2747,100,39.2,72,0,2,6318806.56,226064.04,E
1,1,11,125,-33.2307394,-53.9468757,5.5,1.46,3.2,0.27,19,60,21,4,4,3,4,4,75,4080,100,39.2,72,0,2,6319260.61,225385.21,E
1,2,1,126,-32.814852,-53.7980813,5.6,1.12,2.1,0.12,41,35,24,2,4,3,4,5,45,8400,158,62.2,72,23.4,2,6365769.99,238027.04,A
1,2,1,127,-32.8162096,-53.8000757,5.6,1.15,2.2,0.14,40,34,26,2,4,3,4,5,45,8350,158,62.2,72,23.4,2,6365614.47,237844.24,A
1,2,1,128,-32.8183544,-53.8032446,5.6,1.14,2,0.13,41,35,24,2,4,3,4,5,45,8276,158,62.2,72,23.4,2,6365368.71,237553.77,A
1,2,1,129,-32.8201231,-53.8055743,5.6,1.15,2.1,0.12,42,34,24,2,4,3,4,5,45,8123,158,62.2,72,23.4,2,6365166.75,237340.8,A
1,2,1,130,-32.8215847,-53.8074623,5.6,1.21,2.3,0.17,42,33,25,2,4,3,4,5,45,8756,158,62.2,72,23.4,2,6364999.94,237168.29,A
1,2,1,131,-32.8238603,-53.8101371,5.7,1.23,2.2,0.22,40,33,27,2,4,3,4,5,45,8879,158,62.2,72,23.4,2,6364740.89,236924.51,A
1,2,1,132,-32.8242958,-53.8064144,5.7,1.22,2.1,0.23,40,33,27,2,5,2,5,3,45,7680,158,62.2,72,23.4,2,6364701.86,237274.42,A
1,2,1,133,-32.8225459,-53.8038134,5.7,1.23,2.3,0.22,40,33,27,2,5,2,5,4,45,7987,158,62.2,72,23.4,2,6364902.41,237512.84,A
1,2,1,134,-32.8194447,-53.7998236,5.6,1.11,2,0.19,41,34,25,2,5,2,5,5,45,8345,158,62.2,72,23.4,2,6365256.28,237877.36,A
1,2,1,135,-32.8174261,-53.7969216,5.6,1.13,1.9,0.19,42,35,23,2,4,3,5,5,30,9235,158,62.2,72,23.4,3,6365487.37,238143.21,A
1,2,1,136,-32.8191489,-53.7966697,5.6,1.12,1.9,0.16,42,35,23,2,4,3,5,5,30,9356,158,62.2,72,23.4,3,6365296.92,238171.86,A
1,2,1,137,-32.8214111,-53.7995383,5.6,1.13,2.1,0.17,41,35,24,2,5,2,5,5,45,8976,158,62.2,72,23.4,2,6365038.9,237909.86,A
1,2,1,138,-32.8227067,-53.8008041,5.6,1.17,2.1,0.19,40,33,27,2,5,2,5,5,45,8900,158,62.2,72,23.4,2,6364892.06,237795.13,A
1,2,1,139,-32.8243395,-53.8032369,5.7,1.22,2.2,0.22,40,33,27,2,5,2,5,5,45,8765,158,62.2,72,23.4,2,6364704.91,237572.11,A
1,2,1,140,-32.8263422,-53.8059031,5.7,1.25,2.1,0.27,40,33,27,2,5,2,5,3,45,7670,158,62.2,72,23.4,2,6364476.16,237328.33,A
1,2,1,141,-32.8262874,-53.8027545,5.7,1.25,2,0.28,41,33,26,2,5,2,5,4,45,8240,158,62.2,72,23.4,2,6364490.07,237623.02,A
1,2,1,142,-32.8242955,-53.7999333,5.6,1.28,1.6,0.23,42,32,26,2,5,2,5,5,45,8769,158,62.2,72,23.4,2,6364718,237881.35,A
1,2,1,143,-32.8218339,-53.7966927,5.5,1.12,1.8,0.19,43,32,25,2,5,2,5,5,45,8560,158,62.2,72,23.4,2,6364999.06,238177.59,A
1,2,1,144,-32.8205852,-53.7949828,5.5,1.11,1.5,0.16,44,33,23,2,4,3,5,5,30,9100,158,62.2,72,23.4,3,6365141.8,238334.06,A
1,2,1,145,-32.8223272,-53.7939911,5.5,1.14,1.6,0.18,43,34,23,2,4,2,5,5,30,9170,158,62.2,72,23.4,3,6364951.05,238432.04,A
1,2,1,146,-32.8246348,-53.7966692,5.5,1.32,1.7,0.21,44,33,23,2,4,2,5,5,30,8940,158,62.2,72,23.4,3,6364688.47,238188.02,A
1,2,1,147,-32.8267497,-53.7954036,5.5,1.41,1.9,0.24,41,34,25,2,4,2,5,5,30,9320,158,62.2,72,23.4,3,6364457.04,238312.75,A
1,2,1,148,-32.82638,-53.7984108,5.6,1.38,2.1,0.27,41,31,28,2,4,2,5,5,30,9430,158,62.2,72,23.4,3,6364490.58,238030.05,A
1,2,1,149,-32.8278307,-53.8004539,5.6,1.37,2.1,0.28,40,30,30,2,4,2,5,5,30,9650,158,62.2,72,23.4,3,6364324.61,237843,A
1,2,1,150,-32.8286931,-53.7973023,5.6,1.43,2.2,0.27,41,32,27,2,4,2,5,5,30,9568,158,62.2,72,23.4,3,6364236.78,238140.66,A
1,2,3,151,-32.7762374,-53.7513729,5.3,1.34,1.9,0.11,58,28,14,2,5,1,5,3,30,7689,158,62.2,72,23.4,4,6370167.62,242290.09,B
1,2,3,152,-32.7792048,-53.7513729,5.2,1.61,4.6,0.1,69,18,13,2,5,1,5,3,30,7453,158,62.2,72,23.4,4,6369838.51,242298.65,B
1,2,3,153,-32.7807646,-53.7571557,5,1.81,4.8,0.12,69,19,12,2,5,1,5,3,30,7234,158,62.2,72,23.4,4,6369651.4,241761.35,B
1,2,3,154,-32.7823624,-53.7551214,5.2,1.96,3.6,0.15,64,21,15,2,5,1,5,3,30,7632,158,62.2,72,23.4,4,6369479.16,241956.57,B
1,2,3,155,-32.7809167,-53.7491557,5.2,1.89,3.1,0.16,68,19,13,2,5,1,5,3,30,7367,158,62.2,72,23.4,4,6369654.05,242511.32,B
1,2,3,156,-32.7835417,-53.7599214,5,1.91,1.6,0.17,66,17,17,2,4,3,4,4,45,9234,158,62.2,72,23.4,4,6369336.63,241510.27,B
1,2,3,157,-32.7850254,-53.7553729,5.2,1.67,1.9,0.12,67,19,14,2,4,1,5,4,45,8976,158,62.2,72,23.4,4,6369183.19,241940.7,B
1,2,3,158,-32.7843407,-53.75135,5.1,2.04,2.6,0.13,68,19,13,2,5,1,5,3,30,9123,158,62.2,72,23.4,4,6369268.95,242315.62,B
1,2,3,159,-32.7848352,-53.7484929,5.2,1.74,1.7,0.14,75,15,10,2,4,1,5,3,30,7987,158,62.2,72,23.4,4,6369221.06,242584.72,B
1,2,3,160,-32.7866233,-53.7584586,5.3,2.81,1.9,0.21,28,39,33,2,4,1,5,4,45,9876,158,62.2,72,23.4,4,6368998.43,241656.23,B
1,2,3,161,-32.7870417,-53.7542757,5.5,4.21,1.7,0.3,45,34,21,2,4,1,5,4,45,10065,158,62.2,72,23.4,4,6368962.24,242049.32,B
1,2,3,162,-32.7866233,-53.7503214,5.3,1.78,1.6,0.12,64,23,13,2,5,1,5,3,30,8970,158,62.2,72,23.4,4,6369018.29,242418.57,B
1,2,3,163,-32.7887157,-53.7606757,5.5,2.54,2.8,0.32,37,36,27,2,4,3,4,4,45,9885,158,62.2,72,23.4,4,6368760.94,241454.58,B
1,2,3,164,-32.7887537,-53.7564471,5.4,2.62,1.5,0.31,27,40,33,2,4,1,5,4,45,9970,158,62.2,72,23.4,4,6368767.06,241850.84,B
1,2,3,165,-32.7883352,-53.7521271,5.3,3.95,4.6,0.25,47,35,18,2,5,1,5,3,30,8965,158,62.2,72,23.4,4,6368824.02,242254.34,B
1,2,3,166,-32.790732,-53.7594186,5.5,2.68,3.1,0.35,35,38,27,2,4,2,4,4,45,9875,158,62.2,72,23.4,4,6368540.39,241578.19,B
1,2,3,167,-32.7912646,-53.7621157,5.3,2.71,3.3,0.34,36,37,27,2,4,3,4,4,45,9860,158,62.2,72,23.4,4,6368474.72,241327.07,B
1,2,3,168,-32.7935852,-53.7604014,5.3,1.64,2.8,0.31,41,42,17,2,5,2,4,4,45,8240,158,62.2,72,23.4,4,6368221.54,241494.38,B
1,2,3,169,-32.792482,-53.7571557,5.7,1.82,2.9,0.21,43,41,16,2,5,2,4,4,45,7430,158,62.2,72,23.4,4,6368351.83,241795.24,B
1,2,3,170,-32.7927483,-53.7548014,6.1,1.61,2.8,0.14,54,33,13,2,4,2,4,4,45,7730,158,62.2,72,23.4,4,6368328.04,242016.56,B
1,2,3,171,-32.7926341,-53.7528586,6,1.53,3.1,0.11,52,35,13,2,4,2,4,4,30,7120,158,62.2,72,23.4,4,6368345.45,242198.23,B
1,2,3,172,-32.7913787,-53.7497957,5.6,1.21,1.9,0.1,74,15,11,2,5,1,5,4,30,6970,158,62.2,72,23.4,4,6368492.15,242481.54,B
1,2,3,173,-32.7962863,-53.7575214,6.1,2.23,4.7,0.13,54,33,13,2,4,1,5,4,45,8210,158,62.2,72,23.4,4,6367929,241771.99,B
1,2,3,174,-32.7964385,-53.7538414,6.2,2.56,4.8,0.23,34,42,24,2,4,1,5,4,45,8120,158,62.2,72,23.4,4,6367921.11,242117.16,B
1,2,3,175,-32.794232,-53.7504357,5.9,3.23,4.7,0.22,36,41,23,2,4,1,5,4,45,7840,158,62.2,72,23.4,4,6368174.14,242429.82,B
1,2,15,176,-33.7470743,-54.5264004,6.1,1.65,2.1,0.36,28,43,29,3,4,3,4,5,45,8240,136,62.8,72.8,0,2,6260298.01,173303.03,L
1,2,15,177,-33.7504684,-54.5236586,6.1,1.63,2.3,0.35,27,44,29,3,4,3,4,5,45,8134,136,62.8,72.8,0,2,6259930.12,173570.04,L
1,2,15,178,-33.7528673,-54.521784,6.1,2.4,2.1,0.34,28,42,30,3,4,2,5,5,45,9130,136,62.8,72.8,0,2,6259669.9,173752.89,L
1,2,15,179,-33.7564413,-54.5191882,6.3,2.35,4.3,0.38,23,39,38,3,4,2,5,3,45,9543,136,62.8,72.8,0,2,6259281.57,174007.02,L
1,2,15,180,-33.755979,-54.5169411,6.3,2.43,3.9,0.41,22,38,40,3,4,2,5,3,45,9654,136,62.8,72.8,0,2,6259339.98,174213.53,L
1,2,15,181,-33.752755,-54.5196669,6.2,2.21,4.1,0.4,21,39,40,3,4,2,5,5,45,9140,136,62.8,72.8,0,2,6259689.06,173948.68,L
1,2,15,182,-33.7510808,-54.5203994,6.2,2.3,4.2,0.39,22,39,39,3,4,2,5,5,45,8750,136,62.8,72.8,0,2,6259872.5,173874.44,L
1,2,15,183,-33.7483487,-54.5225547,6.1,1.66,2.2,0.36,27,40,33,3,4,3,4,5,45,8235,136,62.8,72.8,0,2,6260168.81,173664.31,L
1,2,15,184,-33.7469622,-54.5206693,6.1,1.61,2.1,0.36,27,41,32,3,4,3,4,5,45,8130,136,62.8,72.8,0,2,6260328.62,173833.81,L
1,2,15,185,-33.749226,-54.519123,6.1,1.87,2.3,0.37,24,42,34,3,3,3,4,5,45,8321,136,62.8,72.8,0,2,6260082.34,173985.71,L
1,2,15,186,-33.7528348,-54.5162185,6.2,2.34,3.8,0.44,21,41,38,3,3,2,5,4,45,9340,136,62.8,72.8,0,2,6259691.13,174268.59,L
1,2,15,187,-33.7552057,-54.5142803,6.3,2.34,3.9,0.43,20,42,38,3,3,2,5,4,45,9670,136,62.8,72.8,0,2,6259434.2,174457.2,L
1,2,15,188,-33.7474242,-54.51775,6.2,1.76,2.4,0.45,23,41,36,3,3,2,5,4,45,8350,136,62.8,72.8,0,2,6260286.61,174106.14,L
1,2,15,189,-33.7474255,-54.5133163,8.1,2.3,5.6,0.44,20,43,37,3,3,3,4,4,45,9306,136,62.8,72.8,0,2,6260300.49,174517.09,L
1,2,15,190,-33.7497616,-54.5156114,6.3,2.15,3.6,0.39,22,42,36,3,3,2,5,4,45,8985,136,62.8,72.8,0,2,6260034.03,174313.21,L
1,2,15,191,-33.7522737,-54.5144133,6.3,2.34,3.8,0.46,23,40,37,3,3,2,5,4,45,8970,136,62.8,72.8,0,2,6259759.09,174433.77,L
1,2,15,192,-33.7543921,-54.5117914,6.3,2.27,3.9,0.43,23,39,38,3,3,2,5,4,45,9120,136,62.8,72.8,0,2,6259532.34,174684.79,L
1,2,15,193,-33.7534486,-54.5088361,6.3,2.12,4.1,0.43,22,39,39,3,3,2,5,4,45,8965,136,62.8,72.8,0,2,6259646.36,174955.12,L
1,2,15,194,-33.7510871,-54.5100047,6.3,2.2,4,0.44,23,40,37,3,3,3,4,4,45,8105,136,62.8,72.8,0,2,6259904.68,174837.88,L
1,2,15,195,-33.7521809,-54.5077641,6.3,2.34,3.9,0.39,22,41,37,3,3,2,5,4,58,8903,136,62.8,72.8,0,2,6259790.4,175049.68,L
1,2,15,196,-33.7516207,-54.5045183,6.2,2.43,2.9,0.4,22,42,36,3,3,2,5,3,58,9130,136,62.8,72.8,0,2,6259862.8,175348.39,L
1,2,15,197,-33.7490931,-54.509342,7.8,2.41,5.5,0.54,20,41,39,3,3,3,4,4,58,9340,136,62.8,72.8,0,2,6260128.02,174891.76,L
1,2,15,198,-33.7474471,-54.5068345,7.9,2.44,5.8,0.57,20,41,39,3,3,2,4,4,58,8970,136,62.8,72.8,0,2,6260318.56,175117.96,L
1,2,15,199,-33.7495488,-54.5044229,6.2,2.02,3.1,0.4,22,43,35,3,3,2,5,3,58,8235,136,62.8,72.8,0,2,6260092.98,175349.41,L
1,2,15,200,-33.7479602,-54.5027753,6.2,2.12,3.4,0.41,22,39,39,3,3,2,5,3,58,8132,136,62.8,72.8,0,2,6260274.44,175496.13,L
2,2,14,201,-33.208283,-53.9606567,6.2,1.45,15.3,0.19,13,66,21,3,4,4,4,4,46,7120,114,58.4,55.2,0,2,6321715.23,224029.94,J
2,2,14,202,-33.2060339,-53.9634109,5.8,1.78,12.5,0.21,12,55,33,3,4,4,4,4,46,7231,114,58.4,55.2,0,2,6321957.43,223766.05,J
2,2,14,203,-33.2068798,-53.9648376,6,1.55,7.8,0.18,12,62,26,3,4,5,4,4,46,6985,114,58.4,55.2,0,2,6321859.83,223635.67,J
2,2,14,204,-33.2050368,-53.9686085,6.2,1.09,14.8,0.21,18,69,13,3,4,5,3,3,46,6102,114,58.4,55.2,0,2,6322054.28,223278.24,J
2,2,14,205,-33.2019107,-53.9545712,7.4,1.24,19.3,0.21,17,64,19,3,3,4,3,4,46,5987,114,58.4,55.2,0,2,6322438.12,224577.41,J
2,2,14,206,-33.2039224,-53.9547732,5.9,1.2,12.6,0.17,13,68,19,3,3,4,4,4,46,6870,114,58.4,55.2,0,2,6322214.45,224564.88,J
2,2,14,207,-33.2060215,-53.9582514,5.9,1.29,9.1,0.19,15,70,15,3,3,3,4,4,46,6754,114,58.4,55.2,0,2,6321972.43,224247.12,J
2,2,5,208,-33.203639,-53.9531763,5.9,1.09,13.6,0.17,16,63,21,4,4,5,3,3,58,5765,100,39.2,72,0,1,6322250.09,224712.9,I
2,2,5,209,-33.202932,-53.9473633,5.9,1.32,7.8,0.16,14,68,18,4,4,5,2,2,58,4675,100,39.2,72,0,1,6322343.81,225252.75,I
2,2,5,210,-33.2000156,-53.9462776,5.5,1.12,6.9,0.14,16,64,20,4,4,4,3,2,58,5340,100,39.2,72,0,1,6322670.16,225344.88,I
2,2,5,211,-33.2001894,-53.9532221,5.8,3.03,11.2,0.32,11,54,35,4,4,3,3,3,58,5210,100,39.2,72,0,1,6322632.61,224697.82,I
2,2,5,212,-33.2052363,-53.9530317,6.1,1.04,6.4,0.17,18,67,15,5,3,5,3,3,72,4569,100,39.2,72,0,1,6322073.29,224731.39,I
2,2,5,213,-33.2065177,-53.949039,5.9,1.98,7.8,0.29,16,58,26,5,3,4,2,2,72,4129,100,39.2,72,0,1,6321941.67,225107.71,I
2,2,5,214,-33.2083254,-53.9515904,5.9,1.17,6.3,0.14,14,64,22,5,3,4,3,3,72,4980,100,39.2,72,0,1,6321734.44,224875.47,I
2,2,5,215,-33.2110692,-53.9527372,6.5,1.35,8.9,0.19,14,64,22,5,3,5,3,2,72,5105,100,39.2,72,0,1,6321427.07,224777.13,I
2,2,5,216,-33.2129895,-53.9512309,6.4,1.43,7.8,0.21,15,59,26,5,3,4,2,2,72,4680,100,39.2,72,0,1,6321218.03,224923.6,I
2,2,14,217,-33.2104744,-53.9605195,6.7,1.45,9.7,0.22,13,68,19,3,4,4,4,4,46,6780,114,58.4,55.2,0,2,6321472.52,224049.62,J
2,2,14,218,-33.20914,-53.9577715,6.6,1.46,5.1,0.19,9,64,27,3,3,4,4,4,46,6856,114,58.4,55.2,0,2,6321627.79,224301.66,J
2,2,14,219,-33.2064194,-53.9550064,6,1.28,4.8,0.21,10,68,22,3,3,3,4,4,46,6987,114,58.4,55.2,0,2,6321936.86,224550.96,J
2,2,14,220,-33.2110439,-53.9551395,6.3,2.14,9.6,0.31,9,61,30,3,4,3,4,3,46,6238,114,58.4,55.2,0,2,6321423.54,224553.05,J
2,2,14,221,-33.2042038,-53.957154,5.9,1.25,7.3,0.21,15,70,15,3,3,3,4,4,46,6990,114,58.4,55.2,0,2,6322176.96,224343.75,J
2,2,5,222,-33.2016526,-53.9505721,5.8,1.54,7.1,0.22,14,68,18,4,4,4,3,2,58,4980,100,39.2,72,0,1,6322477.29,224949.52,I
2,2,5,223,-33.1975479,-53.9445399,5.6,1.17,6.7,0.15,14,66,20,4,4,4,2,3,58,5368,100,39.2,72,0,1,6322948.45,225499.22,I
2,3,3,224,-32.7762374,-53.7513729,4.8,0.99,5.2,0.13,52,34,14,1,4,2,5,3,15,5904,158,62.2,72,23.4,4,6370167.62,242290.09,B
2,3,3,225,-32.7792048,-53.7513729,4.7,1.17,11.5,0.14,70,17,13,1,4,2,5,3,15,6981,158,62.2,72,23.4,4,6369838.51,242298.65,B
2,3,3,226,-32.7807646,-53.7571557,4.5,1.46,10.8,0.19,68,20,12,1,4,3,5,3,15,7340,158,62.2,72,23.4,4,6369651.4,241761.35,B
2,3,3,227,-32.7823624,-53.7551214,4.7,1.23,9.3,0.15,63,23,14,1,4,2,5,3,15,6754,158,62.2,72,23.4,4,6369479.16,241956.57,B
2,3,3,228,-32.7809167,-53.7491557,4.7,1.19,9.7,0.14,69,16,13,1,3,2,5,3,15,6578,158,62.2,72,23.4,4,6369654.05,242511.32,B
2,3,3,229,-32.7835417,-53.7599214,4.5,1.42,10.5,0.18,67,18,15,1,3,4,4,4,30,7689,158,62.2,72,23.4,4,6369336.63,241510.27,B
2,3,3,230,-32.7850254,-53.7553729,4.7,1.28,11.2,0.15,67,19,14,1,3,2,5,4,30,8134,158,62.2,72,23.4,4,6369183.19,241940.7,B
2,3,3,231,-32.7843407,-53.75135,4.6,1.48,10.9,0.19,68,19,13,1,3,3,3,4,15,6879,158,62.2,72,23.4,4,6369268.95,242315.62,B
2,3,3,232,-32.7848352,-53.7484929,4.7,1.28,5.8,0.13,77,13,10,1,3,3,5,3,15,8334,158,62.2,72,23.4,4,6369221.06,242584.72,B
2,3,3,233,-32.7866233,-53.7584586,4.8,2.4,5.7,0.35,27,40,33,1,2,4,5,4,30,6508,158,62.2,72,23.4,4,6368998.43,241656.23,B
2,3,3,234,-32.7870417,-53.7542757,4.9,3.59,18,0.43,46,33,21,1,2,3,5,4,30,9100,158,62.2,72,23.4,4,6368962.24,242049.32,B
2,3,3,235,-32.7866233,-53.7503214,4.7,1.3,9.2,0.1,63,24,13,1,3,3,5,4,15,10012,158,62.2,72,23.4,4,6369018.29,242418.57,B
2,3,3,236,-32.7887157,-53.7606757,4.9,2.35,11.9,0.39,35,38,27,1,2,4,4,4,30,10795,158,62.2,72,23.4,4,6368760.94,241454.58,B
2,3,3,237,-32.7887537,-53.7564471,4.8,2.4,6.8,0.35,27,40,33,1,2,2,5,4,30,7243,158,62.2,72,23.4,4,6368767.06,241850.84,B
2,3,3,238,-32.7883352,-53.7521271,4.7,3.88,21,0.26,47,35,18,1,3,2,3,4,15,6168,158,62.2,72,23.4,4,6368824.02,242254.34,B
2,3,3,239,-32.790732,-53.7594186,4.9,2.38,11.2,0.39,35,38,27,1,2,4,5,4,30,10544,158,62.2,72,23.4,4,6368540.39,241578.19,B
2,3,3,240,-32.7912646,-53.7621157,4.9,2.35,11.1,0.35,36,37,27,1,2,4,4,4,30,9875,158,62.2,72,23.4,4,6368474.72,241327.07,B
2,3,3,241,-32.7935852,-53.7604014,4.8,1.41,16.5,0.3,41,42,17,1,4,4,5,3,15,8020,158,62.2,72,23.4,4,6368221.54,241494.38,B
2,3,3,242,-32.792482,-53.7571557,5,1.51,17,0.2,43,41,16,1,4,4,5,4,15,7985,158,62.2,72,23.4,4,6368351.83,241795.24,B
2,3,3,243,-32.7927483,-53.7548014,5.1,1.32,15.1,0.13,54,33,13,1,4,3,5,4,15,7132,158,62.2,72,23.4,4,6368328.04,242016.56,B
2,3,3,244,-32.7926341,-53.7528586,4.9,1.41,15.5,0.13,53,35,13,1,4,3,3,4,15,7230,158,62.2,72,23.4,4,6368345.45,242198.23,B
2,3,3,245,-32.7913787,-53.7497957,4.5,0.94,13.1,0.11,76,13,11,1,4,3,5,3,15,6432,158,62.2,72,23.4,4,6368492.15,242481.54,B
2,3,3,246,-32.7962863,-53.7575214,5.1,1.85,15.1,0.13,54,33,13,1,3,3,5,4,30,7896,158,62.2,72,23.4,4,6367929,241771.99,B
2,3,3,247,-32.7964385,-53.7538414,5.3,2.31,8.5,0.22,33,41,26,1,2,2,5,4,30,9908,158,62.2,72,23.4,4,6367921.11,242117.16,B
2,3,3,248,-32.794232,-53.7504357,5.2,2.71,7.6,0.21,32,42,26,1,2,2,5,4,30,9675,158,62.2,72,23.4,4,6368174.14,242429.82,B
2,3,16,249,-33.7131063,-54.5108292,5.4,1.55,2.8,0.17,41,37,22,3,4,4,4,4,53,7430,123,60.4,62.4,0,1,6264116.18,174617.89,L
2,3,16,250,-33.7138593,-54.5086365,5.5,1.81,2.7,0.18,40,39,21,3,4,4,4,4,53,7320,123,60.4,62.4,0,1,6264039.56,174824.05,L
2,3,16,251,-33.7145188,-54.5066573,5.5,2.11,3.6,0.29,33,38,29,4,4,4,3,3,60,7243,104,56.8,46.8,0,1,6263972.63,175010.06,L
2,3,16,252,-33.7107947,-54.5102338,5.4,1.61,3.1,0.17,40,37,23,3,3,4,4,3,53,7123,123,60.4,62.4,0,1,6264374.54,174664.37,L
2,3,16,253,-33.7116196,-54.508648,5.5,1.65,1.5,0.19,38,31,31,3,3,4,3,3,53,6970,123,60.4,62.4,0,1,6264288.02,174814.53,L
2,3,16,254,-33.7121642,-54.5066935,5.5,1.63,1.8,0.19,37,32,31,3,3,3,3,3,53,6854,123,60.4,62.4,0,1,6264233.76,174997.81,L
2,3,16,255,-33.7131746,-54.5039136,5.5,1.98,3.4,0.28,32,39,29,4,4,3,4,4,53,7130,104,56.8,46.8,0,1,6264130.42,175259.39,L
2,3,16,256,-33.7108579,-54.5026183,5.5,2.08,3.3,0.29,32,38,30,4,4,3,4,4,53,7258,104,56.8,46.8,0,1,6264391.55,175370.76,L
2,3,16,257,-33.7103136,-54.5051649,5.5,1.86,1.9,0.21,35,36,29,3,4,4,4,4,53,7105,123,60.4,62.4,0,1,6264443.91,175132.57,L
2,3,16,258,-33.7094496,-54.5079072,5.4,1.64,2.4,0.17,40,36,24,3,4,4,3,3,53,6876,123,60.4,62.4,0,1,6264531.13,174875.03,L
2,3,16,259,-33.7078512,-54.5088863,5.4,1.56,3.1,0.14,41,36,23,3,3,4,3,3,53,7120,123,60.4,62.4,0,1,6264705.39,174778.2,L
2,3,16,260,-33.7075556,-54.5064181,5.5,1.7,3.1,0.11,40,34,27,3,4,4,3,3,53,7345,123,60.4,62.4,0,1,6264745.97,175005.96,L
2,3,16,261,-33.7085673,-54.5038131,5.5,1.78,2.9,0.19,35,35,30,4,4,4,4,4,60,6780,104,56.8,46.8,0,1,6264641.93,175251.34,L
2,3,16,262,-33.7072248,-54.5018364,5.3,2.02,3.4,0.25,31,37,32,4,3,3,4,4,60,6850,104,56.8,46.8,0,1,6264797.11,175429.58,L
2,3,16,263,-33.7065319,-54.5046628,5.5,1.77,2.5,0.12,38,34,28,3,3,4,4,4,53,7432,123,60.4,62.4,0,1,6264865.09,175164.87,L
2,3,16,264,-33.7049006,-54.5054798,5.5,1.61,2.3,0.14,40,35,25,3,4,4,4,3,53,6796,123,60.4,62.4,0,1,6265043.51,175082.96,L
2,3,16,265,-33.7053851,-54.5028917,5.3,1.81,2.8,0.18,35,34,31,3,4,3,4,3,53,7437,123,60.4,62.4,0,1,6264997.91,175324.78,L
2,3,16,266,-33.7047079,-54.50082,5.2,2.11,3.3,0.23,32,35,33,3,3,3,4,4,53,7264,123,60.4,62.4,0,1,6265079.57,175514.35,L
2,3,16,267,-33.703769,-54.5036148,5.3,1.85,2.4,0.16,35,33,32,3,3,4,4,3,60,7074,123,60.4,62.4,0,1,6265174.94,175251.64,L
2,3,16,268,-33.7024239,-54.5050831,5.3,1.76,3.5,0.17,36,35,29,4,3,4,4,3,60,7149,104,56.8,46.8,0,1,6265319.56,175110.4,L
2,3,16,269,-33.7018697,-54.5030272,5.2,1.83,5.4,0.15,39,35,26,4,3,4,3,4,60,6438,104,56.8,46.8,0,1,6265387.53,175298.97,L
2,3,16,270,-33.7028589,-54.5000584,5.3,1.63,6.9,0.15,50,30,20,4,3,5,2,4,60,6379,104,56.8,46.8,0,1,6265287.12,175578.01,L
2,3,16,271,-33.7007334,-54.5010544,5,1.97,7.2,0.19,33,38,29,4,4,3,4,4,53,7426,104,56.8,46.8,0,1,6265519.81,175477.64,L
2,3,16,272,-33.7019699,-54.4982922,5.1,1.84,7.3,0.18,48,31,21,4,4,3,3,3,53,7275,104,56.8,46.8,0,1,6265391.31,175738.45,L
2,3,16,273,-33.70285,-54.4950387,5,1.97,6.8,0.18,41,31,28,4,4,4,3,3,60,6533,104,56.8,46.8,0,1,6265303.89,176043.48,L
1,3,2,274,-32.831323,-53.763665,4.7,1.96,5.7,0.2,42,34,24,1,5,2,5,5,30,10300,158,62.2,72,23.4,2,6364028.03,241298.14,C
1,3,2,275,-32.8314988,-53.7654856,4.7,1.89,2.4,0.12,36,40,25,1,5,3,5,5,30,11744,158,62.2,72,23.4,2,6364004.07,241128.18,C
1,3,2,276,-32.83147,-53.766976,4.7,2.12,1.9,0.14,39,37,25,1,5,2,5,5,30,11792,158,62.2,72,23.4,2,6364003.61,240988.53,C
1,3,2,277,-32.829437,-53.767212,4.8,2.51,12.7,0.23,46,34,20,1,5,2,5,5,30,14192,158,62.2,72,23.4,2,6364228.51,240960.53,C
1,3,2,278,-32.829074,-53.765059,4.7,1.77,1.5,0.12,41,35,24,1,5,2,5,5,30,11404,158,62.2,72,23.4,2,6364274.06,241161.08,C
1,3,2,279,-32.8300226,-53.7641518,4.6,1.39,2.2,0.12,44,33,23,1,5,2,5,5,30,10956,158,62.2,72,23.4,2,6364171.07,241248.78,C
1,3,2,280,-32.8302749,-53.761772,4.6,1.77,2.5,0.16,38,34,28,1,5,2,5,5,30,13204,158,62.2,72,23.4,2,6364148.92,241472.36,C
1,3,2,281,-32.82853,-53.76228,4.7,1.7,1.2,0.11,35,42,23,1,5,2,5,5,30,11584,158,62.2,72,23.4,2,6364341.2,241419.73,C
1,3,2,282,-32.829127,-53.760614,4.7,1.58,1.4,0.16,36,39,25,1,5,2,5,5,30,8732,158,62.2,72,23.4,2,6364279.07,241577.47,C
1,3,2,283,-32.831198,-53.75927,4.6,1.81,2.1,0.15,41,35,24,1,5,2,5,5,30,10648,158,62.2,72,23.4,2,6364052.66,241709.32,C
1,3,13,284,-33.227902,-53.9537104,5.3,1.18,7.1,0.15,18,62,20,3,3,3,3,3,59,6040,96,50.2,46,0,2,6319557.35,224739.17,E
1,3,13,285,-33.2292943,-53.9541993,5.6,1.34,4.2,0.16,16,58,26,3,3,3,3,3,59,5975,96,50.2,46,0,2,6319401.62,224697.96,E
1,3,13,286,-33.230814,-53.9548612,5.7,0.98,2.9,0.11,19,58,23,3,3,3,3,3,59,6137,96,50.2,46,0,2,6319231.31,224641.02,E
1,3,13,287,-33.2300615,-53.956871,5.4,1.98,5.8,0.17,16,59,25,3,2,5,2,3,59,5145,96,50.2,46,0,2,6319309.48,224451.3,E
1,3,13,288,-33.2286997,-53.9600979,5.8,0.96,3.7,0.19,16,58,26,3,2,5,2,3,59,4987,96,50.2,46,0,2,6319452.01,224146.2,E
1,3,13,289,-33.2274858,-53.9626219,5.6,1.13,3.9,0.17,15,58,27,4,2,4,2,3,59,5627,96,50.2,46,0,4,6319579.99,223907.08,E
1,3,13,290,-33.2248561,-53.9635907,5.5,1.24,5.1,0.22,11,63,26,4,3,4,3,3,59,5973,96,50.2,46,0,4,6319869.13,223808.49,E
1,3,12,291,-33.2226152,-53.963316,5.8,1.15,5.7,0.16,13,66,21,4,4,4,4,2,59,4857,96,50.2,46,0,4,6320118.42,223827.05,H
1,3,12,292,-33.2231027,-53.9613962,5.7,1.01,6.5,0.24,16,63,21,4,4,4,4,2,59,5135,96,50.2,46,0,4,6320069.42,224007.57,H
1,3,12,293,-33.2241784,-53.9597564,5.5,1.07,8.2,0.21,17,58,25,4,4,4,3,2,59,4680,96,50.2,46,0,4,6319954.43,224163.83,H
1,3,12,294,-33.2259742,-53.9589624,5.8,1.18,4.8,0.23,17,59,24,3,3,4,3,4,59,5649,96,50.2,46,0,2,6319757.33,224243.49,H
1,3,12,295,-33.2261977,-53.9562102,5.7,0.96,4.2,0.21,15,59,26,4,4,4,3,2,59,4790,96,50.2,46,0,4,6319739.81,224500.77,H
1,3,12,296,-33.2248366,-53.9682612,6.4,1.05,4.1,0.24,16,59,25,4,4,3,4,4,59,6693,96,50.2,46,0,4,6319858.93,223373.01,H
1,3,12,297,-33.2232028,-53.9689305,5.6,1.57,7.6,0.25,12,62,26,4,4,3,4,4,59,6907,96,50.2,46,0,4,6320038.38,223305.46,H
1,3,12,298,-33.2224757,-53.9701541,5.7,1.02,3.1,0.19,13,64,23,4,4,3,4,3,59,6134,96,50.2,46,0,4,6320115.79,223189.09,H
1,3,12,299,-33.2204169,-53.9691876,5.8,1.11,5.4,0.18,13,65,22,4,4,3,4,3,59,7256,96,50.2,46,0,4,6320346.73,223272.71,H
1,3,12,300,-33.2213707,-53.9668451,5.7,0.85,4.8,0.21,14,63,23,4,4,3,4,4,59,6594,96,50.2,46,0,4,6320247.13,223494.11,H
1,3,12,301,-33.2237345,-53.9668944,5.7,1.28,4.1,0.19,11,63,26,4,4,3,4,4,59,6375,96,50.2,46,0,4,6319984.8,223496.96,H
1,3,12,302,-33.226844,-53.9666965,5.5,1.26,6.5,0.22,15,60,25,4,3,3,4,4,59,6893,96,50.2,46,0,4,6319640.4,223525.21,H
1,3,12,303,-33.2267683,-53.968746,5.4,1.44,6.2,0.27,16,58,26,4,4,3,4,3,59,6335,96,50.2,46,0,4,6319643.37,223333.9,H
1,3,4,304,-32.8267875,-53.7738785,4.8,1.29,16,0.21,33,38,29,3,4,3,5,5,46,10745,158,62.2,72,23.4,1,6364505.99,240328.55,D
1,3,4,305,-32.8249456,-53.7743884,4.7,1.32,12.8,0.24,38,37,25,3,4,3,5,5,46,10324,158,62.2,72,23.4,1,6364709.03,240275.44,D
1,3,4,306,-32.8231588,-53.7749423,4.6,1.58,8.1,0.27,45,33,22,3,4,3,5,5,46,10104,158,62.2,72,23.4,1,6364905.84,240218.36,D
1,3,4,307,-32.8232759,-53.7728439,4.8,1.31,16.4,0.22,45,30,25,4,3,2,5,5,53,9132,158,62.2,72,23.4,1,6364898.01,240415.21,D
1,3,4,308,-32.8223424,-53.7713283,4.5,1.24,6.5,0.17,47,31,22,4,3,2,5,5,53,8935,158,62.2,72,23.4,1,6365005.27,240554.43,D
1,3,4,309,-32.8226859,-53.7691777,4.6,0.98,7.8,0.12,37,38,25,4,3,2,5,5,53,8879,158,62.2,72,23.4,1,6364972.46,240756.82,D
1,3,4,310,-32.8214368,-53.7668268,4.6,1.04,12.2,0.21,39,38,23,4,3,2,5,4,53,8346,158,62.2,72,23.4,1,6365116.77,240973.35,D
1,3,4,311,-32.8224061,-53.7652696,5,1.09,8.7,0.22,45,32,23,4,4,3,5,4,53,8470,158,62.2,72,23.4,1,6365013.08,241122,D
1,3,4,312,-32.823833,-53.7707008,4.6,1.31,12.5,0.17,38,32,30,4,3,2,5,4,53,8240,158,62.2,72,23.4,1,6364841.49,240617.53,D
1,3,4,313,-32.8252987,-53.7705898,5,1.09,11.6,0.26,43,32,25,4,3,2,5,4,53,8175,158,62.2,72,23.4,1,6364679.2,240632.19,D
1,3,4,314,-32.8270865,-53.7721353,4.7,1.38,17.1,0.28,47,30,23,3,4,3,5,4,46,9640,158,62.2,72,23.4,1,6364477.12,240492.66,D
1,3,4,315,-32.8287317,-53.7735436,4.6,1.47,21.3,0.4,49,33,18,3,4,3,5,5,46,11320,158,62.2,72,23.4,1,6364291.19,240365.58,D
1,3,4,316,-32.830895,-53.771938,4.7,1.24,6.7,0.26,47,31,22,3,4,3,5,5,46,10659,158,62.2,72,23.4,1,6364055.2,240522.23,D
1,3,4,317,-32.8308492,-53.7685435,4.7,1.23,3.8,0.14,39,37,25,3,4,3,4,5,46,9870,158,62.2,72,23.4,1,6364068.62,240839.95,D
1,3,4,318,-32.8281668,-53.7687081,4.8,1.46,12.7,0.23,46,34,20,3,4,3,5,5,46,11430,158,62.2,72,23.4,1,6364365.72,240816.74,D
1,3,4,319,-32.8272754,-53.7655938,4.7,1.17,5.3,0.14,44,33,23,3,4,3,5,5,46,9985,158,62.2,72,23.4,1,6364472.23,241105.78,D
1,3,4,320,-32.8270414,-53.7627251,4.7,0.99,3.1,0.11,35,42,23,3,4,3,5,5,46,9260,158,62.2,72,23.4,1,6364505.21,241373.73,D
1,3,4,321,-32.8253348,-53.7645091,4.7,1.05,2.8,0.16,41,35,24,3,4,3,4,4,46,9130,158,62.2,72,23.4,1,6364690.12,241201.72,D
1,3,4,322,-32.8232264,-53.7644562,4.9,1.14,4.1,0.21,46,30,24,3,4,3,5,4,46,8970,158,62.2,72,23.4,1,6364924.09,241200.55,D
1,3,4,323,-32.8258271,-53.7686802,4.9,1.12,11.1,0.24,42,33,25,3,3,3,4,4,46,9235,158,62.2,72,23.4,1,6364625.29,240812.55,D
